Workbook

Sheet Register
A1: Studio 7 · Conference risk register
A2: Fill the yellow cells. Rate L, I and D with the Scales sheet. RPN and Zone calculate. Write the register before using AI.
A4: ID | B4: RBS category | C4: Threat or opportunity | D4: Cause | E4: Risk event | F4: Effect | G4: L | H4: I | I4: D | J4: RPN | K4: Zone | L4: Response type | M4: Response (done now) | N4: Contingency plan (if it happens) | O4: Trigger (observable) | P4: Owner (role) | Q4: Reserve ($)
A5: R1 | J5: =IF(COUNT(G5:I5)=3,G5*H5*I5,"") | K5: =IF(COUNT(G5:H5)=2,INDEX(Scales!$B$22:$F$26,6-G5,H5),"")
A6: R2 | J6: =IF(COUNT(G6:I6)=3,G6*H6*I6,"") | K6: =IF(COUNT(G6:H6)=2,INDEX(Scales!$B$22:$F$26,6-G6,H6),"")
A7: R3 | J7: =IF(COUNT(G7:I7)=3,G7*H7*I7,"") | K7: =IF(COUNT(G7:H7)=2,INDEX(Scales!$B$22:$F$26,6-G7,H7),"")
A8: R4 | J8: =IF(COUNT(G8:I8)=3,G8*H8*I8,"") | K8: =IF(COUNT(G8:H8)=2,INDEX(Scales!$B$22:$F$26,6-G8,H8),"")
A9: R5 | J9: =IF(COUNT(G9:I9)=3,G9*H9*I9,"") | K9: =IF(COUNT(G9:H9)=2,INDEX(Scales!$B$22:$F$26,6-G9,H9),"")
A10: R6 | J10: =IF(COUNT(G10:I10)=3,G10*H10*I10,"") | K10: =IF(COUNT(G10:H10)=2,INDEX(Scales!$B$22:$F$26,6-G10,H10),"")
A11: R7 | J11: =IF(COUNT(G11:I11)=3,G11*H11*I11,"") | K11: =IF(COUNT(G11:H11)=2,INDEX(Scales!$B$22:$F$26,6-G11,H11),"")
A12: R8 | J12: =IF(COUNT(G12:I12)=3,G12*H12*I12,"") | K12: =IF(COUNT(G12:H12)=2,INDEX(Scales!$B$22:$F$26,6-G12,H12),"")
P13: Total reserve | Q13: =SUM(Q5:Q12)

Sheet Scales
A1: Rating scales
A2: Agree these definitions before you rate. Rate an event on the objective it hurts most.
A4: Impact | B4: 1 · Very low | C4: 2 · Low | D4: 3 · Moderate | E4: 4 · High | F4: 5 · Very high
A5: Cost | B5: Negligible | C5: Under 10% over | D5: 10–20% over | E5: 20–40% over | F5: Over 40% over
A6: Time | B6: Negligible | C6: Under 5% late | D6: 5–10% late | E6: 10–20% late | F6: Over 20% late
A7: Scope | B7: Barely noticed | C7: Minor areas affected | D7: Major areas affected | E7: Sponsor would reject the reduction | F7: Deliverable effectively useless
A8: Quality | B8: Barely noticed | C8: Only the most demanding uses affected | D8: Sponsor must approve the reduction | E8: Sponsor would reject the reduction | F8: Deliverable effectively useless
A10: Likelihood | B10: 1 · Rare | C10: 2 · Unlikely | D10: 3 · Possible | E10: 4 · Likely | F10: 5 · Almost certain
A11: Chance it occurs | B11: Under 10% | C11: 10–30% | D11: 30–50% | E11: 50–80% | F11: Over 80%
A13: Detection difficulty | B13: 1 · Obvious | C13: 2 · Early warning | D13: 3 · Some warning | E13: 4 · Little warning | F13: 5 · Hidden
A14: When would we know? | B14: Weeks ahead, by routine checks | C14: Days ahead, if someone looks | D14: Shortly before, with effort | E14: Only as it happens | F14: Only after the damage is done
A20: Severity zones (used by the Register's Zone column)
A21: Likelihood \ Impact | B21: 1 | C21: 2 | D21: 3 | E21: 4 | F21: 5
A22: 5 | B22: Minor | C22: Moderate | D22: Moderate | E22: Major | F22: Major
A23: 4 | B23: Minor | C23: Moderate | D23: Moderate | E23: Major | F23: Major
A24: 3 | B24: Minor | C24: Minor | D24: Moderate | E24: Moderate | F24: Major
A25: 2 | B25: Minor | C25: Minor | D25: Moderate | E25: Moderate | F25: Major
A26: 1 | B26: Minor | C26: Minor | D26: Minor | E26: Moderate | F26: Moderate

Sheet Matrix
A1: Severity matrix
A2: Risk IDs appear in the cell matching their likelihood (row) and impact (column).
A4: Likelihood \ Impact | B4: 1 | C4: 2 | D4: 3 | E4: 4 | F4: 5
A5: 5 | B5: =TRIM(IF(AND(Register!$G$5=5,Register!$H$5=1),Register!$A$5&" ","")&IF(AND(Register!$G$6=5,Register!$H$6=1),Register!$A$6&" ","")&IF(AND(Register!$G$7=5,Register!$H$7=1),Register!$A$7&" ","")&IF(AND(Register!$G$8=5,Register!$H$8=1),Register!$A$8&" ","")&IF(AND(Register!$G$9=5,Register!$H$9=1),Register!$A$9&" ","")&IF(AND(Register!$G$10=5,Register!$H$10=1),Register!$A$10&" ","")&IF(AND(Register!$G$11=5,Register!$H$11=1),Register!$A$11&" ","")&IF(AND(Register!$G$12=5,Register!$H$12=1),Register!$A$12&" ","")) | C5: =TRIM(IF(AND(Register!$G$5=5,Register!$H$5=2),Register!$A$5&" ","")&IF(AND(Register!$G$6=5,Register!$H$6=2),Register!$A$6&" ","")&IF(AND(Register!$G$7=5,Register!$H$7=2),Register!$A$7&" ","")&IF(AND(Register!$G$8=5,Register!$H$8=2),Register!$A$8&" ","")&IF(AND(Register!$G$9=5,Register!$H$9=2),Register!$A$9&" ","")&IF(AND(Register!$G$10=5,Register!$H$10=2),Register!$A$10&" ","")&IF(AND(Register!$G$11=5,Register!$H$11=2),Register!$A$11&" ","")&IF(AND(Register!$G$12=5,Register!$H$12=2),Register!$A$12&" ","")) | D5: =TRIM(IF(AND(Register!$G$5=5,Register!$H$5=3),Register!$A$5&" ","")&IF(AND(Register!$G$6=5,Register!$H$6=3),Register!$A$6&" ","")&IF(AND(Register!$G$7=5,Register!$H$7=3),Register!$A$7&" ","")&IF(AND(Register!$G$8=5,Register!$H$8=3),Register!$A$8&" ","")&IF(AND(Register!$G$9=5,Register!$H$9=3),Register!$A$9&" ","")&IF(AND(Register!$G$10=5,Register!$H$10=3),Register!$A$10&" ","")&IF(AND(Register!$G$11=5,Register!$H$11=3),Register!$A$11&" ","")&IF(AND(Register!$G$12=5,Register!$H$12=3),Register!$A$12&" ","")) | E5: =TRIM(IF(AND(Register!$G$5=5,Register!$H$5=4),Register!$A$5&" ","")&IF(AND(Register!$G$6=5,Register!$H$6=4),Register!$A$6&" ","")&IF(AND(Register!$G$7=5,Register!$H$7=4),Register!$A$7&" ","")&IF(AND(Register!$G$8=5,Register!$H$8=4),Register!$A$8&" ","")&IF(AND(Register!$G$9=5,Register!$H$9=4),Register!$A$9&" ","")&IF(AND(Register!$G$10=5,Register!$H$10=4),Register!$A$10&" ","")&IF(AND(Register!$G$11=5,Register!$H$11=4),Register!$A$11&" ","")&IF(AND(Register!$G$12=5,Register!$H$12=4),Register!$A$12&" ","")) | F5: =TRIM(IF(AND(Register!$G$5=5,Register!$H$5=5),Register!$A$5&" ","")&IF(AND(Register!$G$6=5,Register!$H$6=5),Register!$A$6&" ","")&IF(AND(Register!$G$7=5,Register!$H$7=5),Register!$A$7&" ","")&IF(AND(Register!$G$8=5,Register!$H$8=5),Register!$A$8&" ","")&IF(AND(Register!$G$9=5,Register!$H$9=5),Register!$A$9&" ","")&IF(AND(Register!$G$10=5,Register!$H$10=5),Register!$A$10&" ","")&IF(AND(Register!$G$11=5,Register!$H$11=5),Register!$A$11&" ","")&IF(AND(Register!$G$12=5,Register!$H$12=5),Register!$A$12&" ",""))
A6: 4 | B6: =TRIM(IF(AND(Register!$G$5=4,Register!$H$5=1),Register!$A$5&" ","")&IF(AND(Register!$G$6=4,Register!$H$6=1),Register!$A$6&" ","")&IF(AND(Register!$G$7=4,Register!$H$7=1),Register!$A$7&" ","")&IF(AND(Register!$G$8=4,Register!$H$8=1),Register!$A$8&" ","")&IF(AND(Register!$G$9=4,Register!$H$9=1),Register!$A$9&" ","")&IF(AND(Register!$G$10=4,Register!$H$10=1),Register!$A$10&" ","")&IF(AND(Register!$G$11=4,Register!$H$11=1),Register!$A$11&" ","")&IF(AND(Register!$G$12=4,Register!$H$12=1),Register!$A$12&" ","")) | C6: =TRIM(IF(AND(Register!$G$5=4,Register!$H$5=2),Register!$A$5&" ","")&IF(AND(Register!$G$6=4,Register!$H$6=2),Register!$A$6&" ","")&IF(AND(Register!$G$7=4,Register!$H$7=2),Register!$A$7&" ","")&IF(AND(Register!$G$8=4,Register!$H$8=2),Register!$A$8&" ","")&IF(AND(Register!$G$9=4,Register!$H$9=2),Register!$A$9&" ","")&IF(AND(Register!$G$10=4,Register!$H$10=2),Register!$A$10&" ","")&IF(AND(Register!$G$11=4,Register!$H$11=2),Register!$A$11&" ","")&IF(AND(Register!$G$12=4,Register!$H$12=2),Register!$A$12&" ","")) | D6: =TRIM(IF(AND(Register!$G$5=4,Register!$H$5=3),Register!$A$5&" ","")&IF(AND(Register!$G$6=4,Register!$H$6=3),Register!$A$6&" ","")&IF(AND(Register!$G$7=4,Register!$H$7=3),Register!$A$7&" ","")&IF(AND(Register!$G$8=4,Register!$H$8=3),Register!$A$8&" ","")&IF(AND(Register!$G$9=4,Register!$H$9=3),Register!$A$9&" ","")&IF(AND(Register!$G$10=4,Register!$H$10=3),Register!$A$10&" ","")&IF(AND(Register!$G$11=4,Register!$H$11=3),Register!$A$11&" ","")&IF(AND(Register!$G$12=4,Register!$H$12=3),Register!$A$12&" ","")) | E6: =TRIM(IF(AND(Register!$G$5=4,Register!$H$5=4),Register!$A$5&" ","")&IF(AND(Register!$G$6=4,Register!$H$6=4),Register!$A$6&" ","")&IF(AND(Register!$G$7=4,Register!$H$7=4),Register!$A$7&" ","")&IF(AND(Register!$G$8=4,Register!$H$8=4),Register!$A$8&" ","")&IF(AND(Register!$G$9=4,Register!$H$9=4),Register!$A$9&" ","")&IF(AND(Register!$G$10=4,Register!$H$10=4),Register!$A$10&" ","")&IF(AND(Register!$G$11=4,Register!$H$11=4),Register!$A$11&" ","")&IF(AND(Register!$G$12=4,Register!$H$12=4),Register!$A$12&" ","")) | F6: =TRIM(IF(AND(Register!$G$5=4,Register!$H$5=5),Register!$A$5&" ","")&IF(AND(Register!$G$6=4,Register!$H$6=5),Register!$A$6&" ","")&IF(AND(Register!$G$7=4,Register!$H$7=5),Register!$A$7&" ","")&IF(AND(Register!$G$8=4,Register!$H$8=5),Register!$A$8&" ","")&IF(AND(Register!$G$9=4,Register!$H$9=5),Register!$A$9&" ","")&IF(AND(Register!$G$10=4,Register!$H$10=5),Register!$A$10&" ","")&IF(AND(Register!$G$11=4,Register!$H$11=5),Register!$A$11&" ","")&IF(AND(Register!$G$12=4,Register!$H$12=5),Register!$A$12&" ",""))
A7: 3 | B7: =TRIM(IF(AND(Register!$G$5=3,Register!$H$5=1),Register!$A$5&" ","")&IF(AND(Register!$G$6=3,Register!$H$6=1),Register!$A$6&" ","")&IF(AND(Register!$G$7=3,Register!$H$7=1),Register!$A$7&" ","")&IF(AND(Register!$G$8=3,Register!$H$8=1),Register!$A$8&" ","")&IF(AND(Register!$G$9=3,Register!$H$9=1),Register!$A$9&" ","")&IF(AND(Register!$G$10=3,Register!$H$10=1),Register!$A$10&" ","")&IF(AND(Register!$G$11=3,Register!$H$11=1),Register!$A$11&" ","")&IF(AND(Register!$G$12=3,Register!$H$12=1),Register!$A$12&" ","")) | C7: =TRIM(IF(AND(Register!$G$5=3,Register!$H$5=2),Register!$A$5&" ","")&IF(AND(Register!$G$6=3,Register!$H$6=2),Register!$A$6&" ","")&IF(AND(Register!$G$7=3,Register!$H$7=2),Register!$A$7&" ","")&IF(AND(Register!$G$8=3,Register!$H$8=2),Register!$A$8&" ","")&IF(AND(Register!$G$9=3,Register!$H$9=2),Register!$A$9&" ","")&IF(AND(Register!$G$10=3,Register!$H$10=2),Register!$A$10&" ","")&IF(AND(Register!$G$11=3,Register!$H$11=2),Register!$A$11&" ","")&IF(AND(Register!$G$12=3,Register!$H$12=2),Register!$A$12&" ","")) | D7: =TRIM(IF(AND(Register!$G$5=3,Register!$H$5=3),Register!$A$5&" ","")&IF(AND(Register!$G$6=3,Register!$H$6=3),Register!$A$6&" ","")&IF(AND(Register!$G$7=3,Register!$H$7=3),Register!$A$7&" ","")&IF(AND(Register!$G$8=3,Register!$H$8=3),Register!$A$8&" ","")&IF(AND(Register!$G$9=3,Register!$H$9=3),Register!$A$9&" ","")&IF(AND(Register!$G$10=3,Register!$H$10=3),Register!$A$10&" ","")&IF(AND(Register!$G$11=3,Register!$H$11=3),Register!$A$11&" ","")&IF(AND(Register!$G$12=3,Register!$H$12=3),Register!$A$12&" ","")) | E7: =TRIM(IF(AND(Register!$G$5=3,Register!$H$5=4),Register!$A$5&" ","")&IF(AND(Register!$G$6=3,Register!$H$6=4),Register!$A$6&" ","")&IF(AND(Register!$G$7=3,Register!$H$7=4),Register!$A$7&" ","")&IF(AND(Register!$G$8=3,Register!$H$8=4),Register!$A$8&" ","")&IF(AND(Register!$G$9=3,Register!$H$9=4),Register!$A$9&" ","")&IF(AND(Register!$G$10=3,Register!$H$10=4),Register!$A$10&" ","")&IF(AND(Register!$G$11=3,Register!$H$11=4),Register!$A$11&" ","")&IF(AND(Register!$G$12=3,Register!$H$12=4),Register!$A$12&" ","")) | F7: =TRIM(IF(AND(Register!$G$5=3,Register!$H$5=5),Register!$A$5&" ","")&IF(AND(Register!$G$6=3,Register!$H$6=5),Register!$A$6&" ","")&IF(AND(Register!$G$7=3,Register!$H$7=5),Register!$A$7&" ","")&IF(AND(Register!$G$8=3,Register!$H$8=5),Register!$A$8&" ","")&IF(AND(Register!$G$9=3,Register!$H$9=5),Register!$A$9&" ","")&IF(AND(Register!$G$10=3,Register!$H$10=5),Register!$A$10&" ","")&IF(AND(Register!$G$11=3,Register!$H$11=5),Register!$A$11&" ","")&IF(AND(Register!$G$12=3,Register!$H$12=5),Register!$A$12&" ",""))
A8: 2 | B8: =TRIM(IF(AND(Register!$G$5=2,Register!$H$5=1),Register!$A$5&" ","")&IF(AND(Register!$G$6=2,Register!$H$6=1),Register!$A$6&" ","")&IF(AND(Register!$G$7=2,Register!$H$7=1),Register!$A$7&" ","")&IF(AND(Register!$G$8=2,Register!$H$8=1),Register!$A$8&" ","")&IF(AND(Register!$G$9=2,Register!$H$9=1),Register!$A$9&" ","")&IF(AND(Register!$G$10=2,Register!$H$10=1),Register!$A$10&" ","")&IF(AND(Register!$G$11=2,Register!$H$11=1),Register!$A$11&" ","")&IF(AND(Register!$G$12=2,Register!$H$12=1),Register!$A$12&" ","")) | C8: =TRIM(IF(AND(Register!$G$5=2,Register!$H$5=2),Register!$A$5&" ","")&IF(AND(Register!$G$6=2,Register!$H$6=2),Register!$A$6&" ","")&IF(AND(Register!$G$7=2,Register!$H$7=2),Register!$A$7&" ","")&IF(AND(Register!$G$8=2,Register!$H$8=2),Register!$A$8&" ","")&IF(AND(Register!$G$9=2,Register!$H$9=2),Register!$A$9&" ","")&IF(AND(Register!$G$10=2,Register!$H$10=2),Register!$A$10&" ","")&IF(AND(Register!$G$11=2,Register!$H$11=2),Register!$A$11&" ","")&IF(AND(Register!$G$12=2,Register!$H$12=2),Register!$A$12&" ","")) | D8: =TRIM(IF(AND(Register!$G$5=2,Register!$H$5=3),Register!$A$5&" ","")&IF(AND(Register!$G$6=2,Register!$H$6=3),Register!$A$6&" ","")&IF(AND(Register!$G$7=2,Register!$H$7=3),Register!$A$7&" ","")&IF(AND(Register!$G$8=2,Register!$H$8=3),Register!$A$8&" ","")&IF(AND(Register!$G$9=2,Register!$H$9=3),Register!$A$9&" ","")&IF(AND(Register!$G$10=2,Register!$H$10=3),Register!$A$10&" ","")&IF(AND(Register!$G$11=2,Register!$H$11=3),Register!$A$11&" ","")&IF(AND(Register!$G$12=2,Register!$H$12=3),Register!$A$12&" ","")) | E8: =TRIM(IF(AND(Register!$G$5=2,Register!$H$5=4),Register!$A$5&" ","")&IF(AND(Register!$G$6=2,Register!$H$6=4),Register!$A$6&" ","")&IF(AND(Register!$G$7=2,Register!$H$7=4),Register!$A$7&" ","")&IF(AND(Register!$G$8=2,Register!$H$8=4),Register!$A$8&" ","")&IF(AND(Register!$G$9=2,Register!$H$9=4),Register!$A$9&" ","")&IF(AND(Register!$G$10=2,Register!$H$10=4),Register!$A$10&" ","")&IF(AND(Register!$G$11=2,Register!$H$11=4),Register!$A$11&" ","")&IF(AND(Register!$G$12=2,Register!$H$12=4),Register!$A$12&" ","")) | F8: =TRIM(IF(AND(Register!$G$5=2,Register!$H$5=5),Register!$A$5&" ","")&IF(AND(Register!$G$6=2,Register!$H$6=5),Register!$A$6&" ","")&IF(AND(Register!$G$7=2,Register!$H$7=5),Register!$A$7&" ","")&IF(AND(Register!$G$8=2,Register!$H$8=5),Register!$A$8&" ","")&IF(AND(Register!$G$9=2,Register!$H$9=5),Register!$A$9&" ","")&IF(AND(Register!$G$10=2,Register!$H$10=5),Register!$A$10&" ","")&IF(AND(Register!$G$11=2,Register!$H$11=5),Register!$A$11&" ","")&IF(AND(Register!$G$12=2,Register!$H$12=5),Register!$A$12&" ",""))
A9: 1 | B9: =TRIM(IF(AND(Register!$G$5=1,Register!$H$5=1),Register!$A$5&" ","")&IF(AND(Register!$G$6=1,Register!$H$6=1),Register!$A$6&" ","")&IF(AND(Register!$G$7=1,Register!$H$7=1),Register!$A$7&" ","")&IF(AND(Register!$G$8=1,Register!$H$8=1),Register!$A$8&" ","")&IF(AND(Register!$G$9=1,Register!$H$9=1),Register!$A$9&" ","")&IF(AND(Register!$G$10=1,Register!$H$10=1),Register!$A$10&" ","")&IF(AND(Register!$G$11=1,Register!$H$11=1),Register!$A$11&" ","")&IF(AND(Register!$G$12=1,Register!$H$12=1),Register!$A$12&" ","")) | C9: =TRIM(IF(AND(Register!$G$5=1,Register!$H$5=2),Register!$A$5&" ","")&IF(AND(Register!$G$6=1,Register!$H$6=2),Register!$A$6&" ","")&IF(AND(Register!$G$7=1,Register!$H$7=2),Register!$A$7&" ","")&IF(AND(Register!$G$8=1,Register!$H$8=2),Register!$A$8&" ","")&IF(AND(Register!$G$9=1,Register!$H$9=2),Register!$A$9&" ","")&IF(AND(Register!$G$10=1,Register!$H$10=2),Register!$A$10&" ","")&IF(AND(Register!$G$11=1,Register!$H$11=2),Register!$A$11&" ","")&IF(AND(Register!$G$12=1,Register!$H$12=2),Register!$A$12&" ","")) | D9: =TRIM(IF(AND(Register!$G$5=1,Register!$H$5=3),Register!$A$5&" ","")&IF(AND(Register!$G$6=1,Register!$H$6=3),Register!$A$6&" ","")&IF(AND(Register!$G$7=1,Register!$H$7=3),Register!$A$7&" ","")&IF(AND(Register!$G$8=1,Register!$H$8=3),Register!$A$8&" ","")&IF(AND(Register!$G$9=1,Register!$H$9=3),Register!$A$9&" ","")&IF(AND(Register!$G$10=1,Register!$H$10=3),Register!$A$10&" ","")&IF(AND(Register!$G$11=1,Register!$H$11=3),Register!$A$11&" ","")&IF(AND(Register!$G$12=1,Register!$H$12=3),Register!$A$12&" ","")) | E9: =TRIM(IF(AND(Register!$G$5=1,Register!$H$5=4),Register!$A$5&" ","")&IF(AND(Register!$G$6=1,Register!$H$6=4),Register!$A$6&" ","")&IF(AND(Register!$G$7=1,Register!$H$7=4),Register!$A$7&" ","")&IF(AND(Register!$G$8=1,Register!$H$8=4),Register!$A$8&" ","")&IF(AND(Register!$G$9=1,Register!$H$9=4),Register!$A$9&" ","")&IF(AND(Register!$G$10=1,Register!$H$10=4),Register!$A$10&" ","")&IF(AND(Register!$G$11=1,Register!$H$11=4),Register!$A$11&" ","")&IF(AND(Register!$G$12=1,Register!$H$12=4),Register!$A$12&" ","")) | F9: =TRIM(IF(AND(Register!$G$5=1,Register!$H$5=5),Register!$A$5&" ","")&IF(AND(Register!$G$6=1,Register!$H$6=5),Register!$A$6&" ","")&IF(AND(Register!$G$7=1,Register!$H$7=5),Register!$A$7&" ","")&IF(AND(Register!$G$8=1,Register!$H$8=5),Register!$A$8&" ","")&IF(AND(Register!$G$9=1,Register!$H$9=5),Register!$A$9&" ","")&IF(AND(Register!$G$10=1,Register!$H$10=5),Register!$A$10&" ","")&IF(AND(Register!$G$11=1,Register!$H$11=5),Register!$A$11&" ","")&IF(AND(Register!$G$12=1,Register!$H$12=5),Register!$A$12&" ",""))
A11: Dark: major · Mid: moderate · Light: minor. Impact weighs more than likelihood, so the major zone runs down the impact-5 column.

Sheet PERT
A1: PERT · revised three-point estimates (workdays)
A2: These estimates replace the ones in the notes. Enter your own formulas in the yellow cells.
A4: ID | B4: Activity | C4: Predecessors | D4: a | E4: m | F4: b | G4: t_e | H4: Variance
A5: A | B5: Event brief | C5: — | D5: 2 | E5: 2 | F5: 8
A6: B | B6: Venue | C6: A | D6: 4 | E6: 7 | F6: 16
A7: C | B7: Program draft | C7: A | D7: 4 | E7: 6 | F7: 8
A8: D | B8: Registration | C8: B | D8: 3 | E8: 5 | F8: 13
A9: E | B9: Speakers | C9: C | D9: 6 | E9: 8 | F9: 16
A10: F | B10: Exhibitors | C10: C | D10: 2 | E10: 5 | F10: 8
A11: G | B11: Publish program | C11: D, E | D11: 3 | E11: 3 | F11: 9
A12: H | B12: Materials | C12: F, G | D12: 2 | E12: 4 | F12: 6
A13: I | B13: Rehearsal | C13: H | D13: 2 | E13: 2 | F13: 8
A16: Paths
A17: Path | D17: Sum t_e | E17: Sum variance | F17: σ | G17: Z at T_S | H17: P(finish ≤ T_S)
A18: A–B–D–G–H–I
A19: A–C–E–G–H–I
A20: A–C–F–H–I
A22: Scheduled time T_S (sponsor's date) | D22: 32
A23: Z for 90% confidence | D23: 1.2816
A24: T_E + 1.28σ on the critical path
A26: Tip: =NORM.S.DIST(Z, TRUE) returns the probability for a Z value.

Sheet Reconciliation
A1: AI review · reconciliation
A2: One row per objection the model raised. If none of its objections hold, say so in row 1 and explain what you checked.
A4: # | B4: Objection (quote or summarize the model) | C4: Accept or reject | D4: Reason, tied to this project | E4: Change made to the register
A5: 1
A6: 2
A7: 3
A8: 4
A9: 5
A10: 6
A11: 7
A12: 8
A13: 9
A14: 10
